Bhagat,Sudesh,a588abhishek
Drissa,Aadil,A5hok
Drissia,Aali,a69506932
Dritan,Aaliyah,a71kghalder
Dritarastra,Aaltje,a7607597503
Drucilla,Aamar,a8331998w
Drusila,Aamer,A8375964148
Drusilla,Aamir,a8882057600
Duaa,Aaron,a9734986221
Duane,Aase,a9811749146
Duarte,Aatika,a9818425929
Duberney,Aaya,a9833
Dudley,Aba,a9897972593
Duguneh,Ababacar,aa1643998
Duha,Abad,aa2292212
Dulce,Abarca,aa3230139
Dulcelina,Abarne,aa3340206
Dulcenombre,Abass,aa7827327
Dulcerina,Abasse,aa7999361
Dulcie,Abba,aaa956506
Dulcina,Abbas,aaaaaaabbb123
Dulcinea,Abbass,aaaaaamir123
Dulia,Abbes,aaaaaaq
Dulzura,Abbey,aaaakashbanku
Dumitra,Abbie,aaabb0946
Dumitrache,Abby,aaarav397
Dumitrel,Abdala,aabbuu
Dumitrita,Abdalah,AAbhi45
Dumitru,Abdalahe,aabhisheknayakgs
Duna,Abdalahi,aabidkhan6542
Duncan,Abdalla,aabu51048
Dune,Abdallah,aadarsh05061998
Dung,Abdallahi,aadarsh17i
Dunia,Abdel,aadepusrujan
Dunixe,Abdela,aadesh1420
Dunja,Abdelaali,aadesh555
Dunya,Abdelaati,aadhargoeldce
Durvasa,Abdelaaziz,aadharkotavenkateswa
Duryodhana,Abdeladim,aadharshsuresh
Dusan,Abdelah,aadi132
Dusti,Abdelakrim,aadi1sar0sh
Dustin,Abdelali,aadi2819aadi
Dusty,Abdelasis,aadibabbar
Duvan,Abdelati,aadikeshar
Duverney,Abdelatif,aadildawood
Dwain,Abdelazis,aadilgowhar123
Dwana,Abdelaziz,aadilhasan1230
Dwarka,Abdelazize,aadilislam
Dwayne,Abdelbaki,aadilkhadim
Dwight,Abdelbari,aadilshekh788
Dyan,Abdelbasset,aadimanna8
Dylan,Abdeldjalil,aadinavya0210
Dzianis,Abdelelah,aadipancholi3
Dzmitry,Abdelfatah,aaditomar
Eñaut,Abdelfattah,aaditya8055
Eamon,Abdelfetah,aadityaborkar8
Earl,Abdelfettah,aadityadwivedi800
Earle,Abdelghafour,aadityagaya1111
Earlean,Abdelghani,aadityagupta0121
Earleen,Abdelhabib,aadityak402
Earlene,Abdelhadi,aadityapandey
Earlie,Abdelhafid,aadityarana1989
Earline,Abdelhai,aadityashinde020292
Earnest,Abdelhak,aadityaverma786av
Earnestine,Abdelhakem,aadnanmir5
Eartha,Abdelhakim,AADONTU
Easter,Abdelhalak,aadutoocool
Eba,Abdelhalim,aaduyashu
Ebenezer,Abdelhamed,aaftabaalam696
Eber,Abdelhamid,aaftabhusen919
Eberhard,Abdelhanin,aaftabkhan888888
Eboni,Abdelhaq,aaftabs033
Ebonie,Abdelhay,aagam849
Ebony,Abdelhila,aagarwal773068
Ebou,Abdelhilah,aagarwalabhishek
Ebrahim,Abdelilah,aagarwalbbhavesh
Ebrahima,Abdelillah,aaghinotry
Ebrima,Abdeljabar,aahilkhan7892
Ebru,Abdeljabbar,AahilPadaniya
Ebtisam,Abdeljalak,aahilraina999
Ecaterina,Abdeljalal,aahingane143
Echedey,Abdeljalil,aahowotsa123
Echo,Abdeljaouad,aahujaravi
Eckhard,Abdeljebbar,aahutoshkumar787
Ed,Abdelkabir,aaizakhan175
Eda,Abdelkader,aajamaliaajam313
Edda,Abdelkadir,aajaydev048
Eddie,Abdelkamal,aajir3444
Eddin,Abdelkamel,aajithajith394
Eddine,Abdelkarim,aak46660
Eddy,Abdelkarin,aakankshaku09
Edel,Abdelkbir,aakanksharai0311
Edelfina,Abdelkebir,aakarshhh
Edelgard,Abdelkerim,aakash1011
Edelia,Abdelkhalak,Aakash1290
Edelina,Abdelkhalek,aakash1600
Edelio,Abdelkhaleq,aakash2528
Edelma,Abdelkhalik,Aakash95Singh
Edelmira,Abdelkrim,aakashaevale
Edelmiro,Abdellah,aakashbaid
Edeltraut,Abdellali,aakashbaisware123
Edelvina,Abdellatif,aakashbaliyan555
Edelweis,Abdellaziz,aakashbisht140219951
Edelweiss,Abdellilah,aakashchauhan386
Eden,Abdelmadjid,aakashchauhan53153
Edenia,Abdelmajid,aakashcron
Eder,Abdelmalek,aakashfc
Ederlinda,Abdelmalik,aakashgautam995
Ederne,Abdelmaoula,aakashghanghas06
Ederson,Abdelmayid,aakashgurjar7014
Edesia,Abdelmjid,aakashjaiswal80
Edesio,Abdelmoghit,aakashkumarmourya123
Edey,Abdelmonaim,aakashluhadiya
Edgar,Abdelmonim,aakashmaheshwari89
Edgaras,Abdelmoughit,aakashnavneet
Edgard,Abdelmoula,aakashnavneet1
Edgardo,Abdelmoumen,aakashngupta
Edgars,Abdelmounaim,aakashp02
Edi,Abdelmounim,Aakashpatel143
Edicta,Abdeloihab,aakashpatel686
Edie,Abdeloihed,aakashputhran
Edier,Abdeloihid,aakashrane092
Edik,Abdelouadoud,aakashshakya68654
Edil,Abdelouafi,aakashsharma3900
Edilberta,Abdelouahab,aakashthakre01
Edilberto,Abdelouahad,aakashupadhyay296
Edilene,Abdelouahd,aakashvani18
Edileuza,Abdelouahed,aakashvip9
Edilia,Abdelouahhab,aakashymca
Edilio,Abdelouahid,aakibjaved833
Edilma,Abdelouhab,aakibjawed07
Edilson,Abdelqader,aakibshaik988
Edin,Abdelrahim,aakilkairaka
Edina,Abdelrahman,aakirbhat123
Edinalva,Abdelrhani,aakkashbaghel771m
Edineia,Abdeltif,aakriti20102000
Edinson,Abdeluahed,aalamgeershan
Edisa,Abdeluahid,aalamp786
Edison,Abdelwahab,aali0566499
Edisson,Abdelwahad,aalkaram92
Edit,Abdelwahed,aallwin1
Edita,Abdelwahid,aalmjahangir506
Edite,Abdenabi,aalok909
Edith,Abdenacer,aalokboonlia9
Editha,Abdenaji,aalokchauhan20
Edivaldo,Abdenasser,aalokkaran9
Edivia,Abdenbi,aalokpratap1
Edmar,Abdennabi,AaMG
Edmilson,Abdennacer,aamilmohd1
Edmon,Abdennaceur,aamir65539
Edmond,Abdennaim,aamirasim64
Edmund,Abdennaji,aamirk3232
Edmunda,Abdennasar,aamirkhan1990147
Edmundas,Abdennaser,aamirkhan261099
Edmundo,Abdennassar,aamirkhan8955
Edna,Abdennasser,aamirmalik6354
Edoardo,Abdennebi,aamirquresh025
Edorta,Abdennour,aamirsufiyan9
Edouard,Abdenour,aamit909806
Edra,Abderahim,aamitjain2111
Edris,Abderahman,aAmjad12
Edrisa,Abderahmane,Aamkhedaydv123
Edson,Abderazak,aamuktha022012
Edu,Abderazzak,aamulya401
Eduar,Abderezak,aamyth
Eduard,Abderhim,aana3
Eduarda,Abderrachid,aanakallanabhi
Eduardas,Abderrafia,aanand7861
Eduardo,Abderrafie,aanandekka1
Eduart,Abderrafik,aanandyadav373
Eduin,Abderrahaman,Aanas07
Eduina,Abderrahim,aanbumani82
Edur,Abderrahime,Aanchal2020
Edurne,Abderrahman,aanchal85chand
Eduviges,Abderrahmane,aanchalmishra1105
Eduvigis,Abderrahmen,aanchalpunwani
Eduvijis,Abderraman,aankitlaw69
Eduvina,Abderraouf,aankitpatel2856
Edvaldo,Abderrazak,aanmolmalik7296
Edvard,Abderrazaq,aanoopca
Edvardas,Abderrazek,aansarialisher
Edvin,Abderrazzak,aanshu121
Edvinas,Abderrazzaq,aanshul394
Edwar,Abderrezak,aanuragrai
Edward,Abderrezzak,aany19
Edwardo,Abderzak,Aanya143
Edwige,Abdesalam,aanyakapoor207
Edwin,Abdesamad,aapanihotel
Edwina,Abdeselam,aaparna
Edy,Abdeslam,Aapurungsung
Edyta,Abdeslem,aaquibhussain
Edyth,Abdessadek,aaradhanasisodiya
Edythe,Abdessadeq,aaradhya2512amit
Eero,Abdessadik,aaradhyanrajesh18
Efe,Abdessalam,aaradhyareddy2766
Effie,Abdessalem,aarashu
Efidencia,Abdessamad,aarav678
Efigenia,Abdessamed,AArchitect
Efigenio,Abdessamie,aarchitg
Efisio,Abdesselam,aardaatish
Efraim,Abdesslem,aarekkhutade22
Efrain,Abdi,aarfeenkhan
Efran,Abdias,Aaribhai
Efrem,Abdiel,aarifaarifmansoori40
Efren,Abdollah,aarifbhat21
Eghosa,Abdon,aarifkhan78532
Egiarte,Abdona,aarifkhankhorikalan
Egidia,Abdou,aarishansari8220
Egidijus,Abdoul,aarj05
Egidio,Abdoulaye,aarjunna
Egil,Abdoulie,aarkstudio1
Egle,Abdoullah,aarktechjashwanth
Egoi,Abdourahamane,aarontinu9
Egoitz,Abdourahman,Aarowant
Egon,Abdourahmane,aarpit005
Egor,Abdrahamane,aarti07trade
Eguskiñe,Abdramane,aartichaurasaiya
Eguzkiñe,Abdu,aartigupta05093
Eguzki,Abdul,aartikaspate2181
Eguzkine,Abdulah,aartiluthra
Ehab,Abdulai,aartiparjapati561
Ehari,Abdulaziz,aartiparmar999
Ehedei,Abdulla,aartipurviya0397
Ehedey,Abdullah,aartisethi5382
Ehsan,Abdulrahman,aartishakya23
Ehtel,Abdur,aartisinghas
Ehtisham,Abdurrahman,aartiyadav7237940561
Eidan,Abdus,aaruagro2015
Eiden,Abe,aarudeep645
Eider,Abed,aarukashar
Eihar,Abel,aarun11678
Eiharne,Abelard,Aarush4792
Eiko,Abelardo,aarushshaikh334
Eila,Abelia,aarvindchoudhary007
Eileen,Abelina,aaryamadhu75
Eilene,Abelino,aaryanagarwal04
Eiman,Abelio,aaryankaps
Eimantas,Abenaura,aaryansatija
Eimi,Abenchara,aaryanvipin000
Eimy,Abencio,aasaini15
Einar,Abian,aasathbabu786
Eira,Abib,aash2101
Eire,Abibatou,aasharamkashyap080
Eirik,Abibou,aasheesh947
Eitan,Abid,aasheeshchauhanac778
Eithan,Abida,Aashi2017
Eizan,Abidine,aashiarajput
Ejaz,Abiel,aashiesh
Eka,Abigail,aashifkhantijara
Ekai,Abilia,aashikmohamed464
Ekain,Abilio,aashimvaid57
Ekaitz,Abimael,aashish1308
Ekaterina,Abir,aashish3322
Ekaterine,Abisai,aashish3477
Ekhiñe,Abla,aashishchaudhary
Ekhi,Ablaye,aashishdodiya815
Ekhine,Abner,aashishkumar1586
Ekhiotz,Abou,aashishlucky07
Ekiñe,Aboubacar,aashishnew007
Eki,Aboubakar,aashishpatil1988
Ekram,Aboubakary,aashishraj27194
El,Aboubaker,aashishrejuvenated19
Ela,Aboubakr,Aashishscorpio
Eladi,Aboudou,aashishsoni535
Eladia,Abraan,aashishsurat
Eladina,Abraham,aashishsvp1
Eladino,Abrahan,aashishtewari
Eladio,Abrahim,aashisjain5199
Elaia,Abram,aashiyamobin4
Elaid,Abran,Aashni87
Elaina,Abrar,aashokmarathesuperst
Elaine,Abril,Aashu306
Elan,Absalon,aashusingh954
Elana,Abselam,aashutoshkumargopal
Elane,Abu,aashutoshmishra08
Elanor,Abubacar,aashutoshyadav092
Elarbi,Abubacarr,aasifashu89
Elayne,Abubakar,aasifhamiid
Elba,Abubakari,aasifhussain495
Elbachir,Abubakary,aasifmansuri8281
Elbert,Abubaker,aasifmd383
Elbio,Abul,aasifshaikh3278
Elcira,Abulai,aasikansari11
Elcy,Abundia,aasman160318
Elda,Abundio,Aasmanvalvi26
Eldar,Aby,aasmohmmadkhan639722
Elden,Acacia,aasoosingh580
Elder,Acacio,aasrcpatna
Eldon,Acaimo,aast941
Eldora,Acaymo,aasthamobiles
Eldridge,Acelia,aasthasingh069
Eldy,Acelina,aaswanninama
Elea,Acerina,aathiraji
Eleanor,Acher,aatifsayyed103
Eleanora,Achille,aatikantsingh
Eleanore,Achim,aatishmahajan071
Elease,Achiuta,aatishmardi7978
Eleazar,Achoucha,aatlamanikanta
Electa,Achour,Aatp
Electo,Achoura,aaulgy
Eleder,Achucha,aaushe
Elen,Acindino,Aavaan
Elena,Acisclo,aavatar091
Elene,Acoidan,aavi3260
Eleni,Acoraida,aavritigeraksitc
Elenice,Acoran,aawes1430
Elenita,Acoydan,aayankhan78612398
Elenka,Acracia,aayanmkhan02
Eleno,Acracio,aayanraj01
Elenor,Ada,aayansharma2997
Elenora,Adah,aayeshak258
Elenore,Adahi,aayeshaq471
Eleodora,Adahy,aayeshav1
Eleodoro,Adai,aayuaeeni
Eleonor,Adaia,Aayush021
Eleonora,Adair,aayush1588952y
Eleonore,Adal,aayush343
Eleuteria,Adalberon,aayushaggarwaler
Eleuterio,Adalbert,aayushajay48
Elfi,Adalberta,aayushidhiman06
Elfidio,Adalberto,aayushkr1000
Elfreda,Adalgisa,aayushpatanjal
Elfrieda,Adalgiza,aayushprasad13
Elfriede,Adalia,AayushRathi
Elga,Adalid,aayushtajpuriya
Elhadji,Adaline,aayushtalreja2415
Elham,Adam,aayushvijayvergiya07
Elhassan,Adama,aazadyadav2
Eli,Adame,aazamansari428
Elia,Adamina,aazamsaifi74659
Eliam,Adamo,aazancrafts
Elian,Adams,AB19COOL
Eliana,Adan,ab20160816
Eliane,Adao,ab2027279
Elianne,Adara,ab20bhangre1999
Eliany,Adargoma,ab3528047
Elias,Adasat,ab3abh3abhi3
Eliazar,Adassa,ab614083
Eliberta,Aday,abadhani55
Eliberto,Adaya,abadjate
Elica,Adda,abagga951
Eliceo,Addaia,abalrajr
Elicerio,Addi,abamchasingha
Elicia,Addie,abankar431
Elicinia,Adeel,abapu909
Elicio,Adeela,abbasalishaik2580
Elida,Adei,abbasgazi689
Elide,Adel,abbastin
Elidia,Adela,Abbhinav
Elidio,Adelaida,abbroabhi451
Eliduvina,Adelaide,abbu3050
Elie,Adelaido,abbujain6
Eliecer,Adelardo,abburajput05
Eliel,Adelayda,abbusinessideas006
Eliene,Adele,abby8491
Elier,Adelfa,abbykamail
Elies,Adelfina,abbyshkkool
Elieser,Adelheid,abc2502
Eliete,Adelia,abc345y6
Eliezer,Adelin,abc4567
Elif,Adelina,abc50614
Elifio,Adelinda,abcd55
Eligia,Adeline,abcd8888
Eligijus,Adelino,ABD452
Eligio,Adelio,abdheshyadav153
Elihu,Adelita,abdhulnavas7
Elijah,Adell,abdmekkoth
Elimane,Adella,abdu6373
Elin,Adelle,abdul112200
Elina,Adelma,abdul35samadhu
Eline,Adelmo,abdul91majid
Elinor,Adelo,abdulaahad070
Elinore,Adelto,abduladeeb78
Elio,Adeluta,abdulalfaruk1997
Eliodora,Adem,abdulansari13141
Eliodoro,Ademar,abdulchoudharyhot
Elionor,Ademir,abdulfaruk28011990
Elios,Adena,abdulheman175
Eliot,Adenso,abdulirfanshaik2019
Eliott,Adeodato,abduljolil51790
Eliria,Aderita,abdulkader12425
Elis,Aderito,abdulkaderbag8
Elisa,Adesuwa,abdulkadir28333
Elisabeht,Adexe,abdulkalam0813
Elisabel,Adham,abdulkalam13100
Elisabet,Adhara,abdulkalammrj99
Elisabeta,Adhemar,abdullahshaikh1456
Elisabete,Adi,abdullahyazdan
Elisabeth,Adib,abdullotif493
Elisabetta,Adiel,abdulm8108
Elisabhet,Adiela,abdulmazid4847
Elisandra,Adil,abdulmujahed1051994
Elisangela,Adila,abdulpeerjade143
Elisardo,Adilia,abdulqadeer1487
Elisaveta,Adilson,abdulrafiq311
Elise,Adina,abdulrahman280199
Elisea,Adinath,abdulrahmanabdulrahm
Elisei,Adiran,abdulrahmanshaha219
Elisenda,Adirane,abdulrasheed689
Eliseo,Adita,abdulrawoof778
Eliseu,Aditya,abdulrazak179009
Elisha,Adjona,abdulrazak9143
Elisia,Adjou,abdulrazakeduru
Elisio,Adjutori,abdulrazzakstar43
Eliska,Admir,abdulrehman4593
Eliso,Admiracion,abdulsadiq753
Elissa,Adnan,abdulshahid5555
Elita,Adnane,abdulsolanki555
Elitsa,Adolf,abdultauseefabbasee4
Eliu,Adolfa,abdurrahmaan1993
Eliud,Adolfina,abdurrashidsk2004
Elixabet,Adolfino,abdurraufmondal16
Elixabete,Adolfo,abdus9711
Elixane,Adolph,abedsomu
Eliz,Adonai,abedur1000
Eliza,Adonais,abehera
Elizabe,Adonay,abekachumi14
Elizabeht,Adonaya,abfk1202
Elizabel,Adonina,abgupta2552
Elizabet,Adonino,abharathimohan16
Elizabeta,Adonis,abhasbhatt121
Elizabete,Adoracio,abhash77
Elizabeth,Adoracion,abhat5999
Elizabhet,Adoralina,abhay1346422689674
Elizangela,Adorinda,abhay621
Elizaveta,Adosinda,abhay76511
Elizbeth,Adria,abhay98k
Elizebeth,Adriaan,abhayabhay119
Elizete,Adriadna,abhayara79
Elka,Adriam,abhayatal1234
Elke,Adrian,abhaybaheti
Elkin,Adriana,abhaydevsingh01
Ella,Adriane,abhaydwivedi793
Ellamae,Adrianna,abhaygarg317
Ellan,Adrianne,abhaygulshan466
Ellande,Adriano,abhayjaryalmassal
Ellen,Adrianus,abhayjogani1043
Ellena,Adriel,abhayk317
Elli,Adrien,abhaykapoor067
Ellie,Adriene,abhaykjhaveri
Elliot,Adrienn,abhaykr2210
Elliott,Adrienne,abhaykumar222143
Ellis,Adrista,abhaymishra77493
Ellsworth,Aduanich,abhaypandey1220
Elly,Aduen,abhaypandey7488
Ellyn,Adulai,ABHAYPOOJA
Elm,Adulfo,abhayprakash2512
Elma,Aduna,abhaypratap1420
Elmahdi,Adur,abhayreliable
Elmar,Afaf,abhayrkshirole
Elmehdi,Afafe,abhaysabar55
Elmer,Afia,abhaysharma071293
Elmira,Afif,abhaysharma90
Elmo,Afifa,abhayshukla450
Elna,Afnan,abhaysingh5888
Elnora,Afonso,abhaysinghncr
Elodia,Afra,abhaysonwane05
Elodie,Afrae,abhi0511
Elody,Africa,abhi09428
Eloi,Afrika,Abhi110196
Eloina,Afrodisia,abhi11785
Eloino,Afrodisio,abhi1504gupta
Elois,Afrodita,abhi1685
Eloisa,Afshan,abhi178
Eloise,Aftab,abhi1986sukesh
Elora,Afton,abhi2066
Elorri,Afzaal,abhi2765
Elouise,Afzal,abhi32123
Eloy,Agafia,abhi5036
Eloysa,Agamenon,abhi5211pkq
Elpidia,Agapita,abhi60467
Elpidio,Agapito,abhi63115
Elroy,Agar,abhi64558
Els,Agata,Abhi684
Elsa,Agate,abhi8181916724
Elsbeth,Agatha,abhi9199914785
Else,Agathe,abhi951739
Elsi,Agatoclio,abhi9703
Elsie,Ageda,abhi97gaya
Elsira,Agenor,abhi9871
Elsita,Ager,abhi9891559883
Elson,Aglae,abhiabes1110
Elsy,Aglaia,abhiabhay210696
Elton,Aglaya,abhiadi5868
Eludina,Agnaldo,abhiagrawal3
Eluney,Agne,abhianand192singh
Elur,Agnelio,abhianand267
Eluska,Agnes,abhibajaj81
Elva,Agnese,abhibhowmick96
Elver,Agneta,abhibhowmik2019
Elvera,Agni,abhiboy203
Elvia,Agnieszka,abhibunny123456
Elvie,Agnus,abhichoudhary1805199
Elvin,Agoney,abhicool2k
Elvina,Agora,abhicron
Elvio,Agostina,abhidabas622
Elvira,Agostinho,abhidandotiya656
Elviro,Agostino,abhideb
Elvis,Agricio,abhideswal96
Elvita,Agripina,13chaits
Elwanda,Agripino,0001vishal
Elwood,Agua,0007satpal
Ely,Aguas,000Monty123
Elyas,Aguasanta,000rahulyadav
Elyass,Aguasantas,0011447788m
Elyse,Agueda,0011447788n
Elza,Aguedo,001deepakpatel
Elzbieta,Aguila,001mocking001
Ema,Aguinaldo,0044447788n
Emad,Agurne,007apoorvsn
Eman,Agurtxane,007gauravchoudhary
Emanoil,Agurtzane,007juliemehta
Emanuel,Agusti,007Pitaji
Emanuela,Agustin,007yogi
Emanuele,Agustina,0092shriparshadgoswa
Emanuil,Agusto,009madhu
Embarec,Ahamed,009parv
Embarek,Aharon,00chatur
Embarka,Ahcene,00suyashkpatil
Emeka,Ahinara,01ambika10
Emel,Ahinoa,01bheemsingh999
Emelda,Ahinoam,01dineshmak
Emelia,Ahitana,01hardikkandpal
Emelina,Ahitor,0204ram
Emelinda,Ahlalia,02sashmita0598
Emeline,Ahlam,0423adi
Emelita,Ahlame,05Das
Emely,Ahlem,05gaurav10
Emelyn,Ahmad,05rajsonu
Emerald,Ahmadou,060622sssingh
Emerencia,Ahmed,06ayush
Emerenciana,Ahmedou,06gokul03
Emerenciano,Ahmet,07101999rajan
Emeric,Ahmida,07jayash
Emerico,Ahmidou,07mjat
Emerida,Ahren,089798112a
Emerinda,Ahsan,08kumarsurinder08
Emerio,Ahtisham,093BHARANI
Emerita,Ai,0964neet
Emerito,Aia,09870nitinkumar
Emerson,Aiala,099dobhalrahul
Emery,Aiara,09Darshan
Emese,Aibin,09deepeshkushwah
Emeteria,Aicha,09khusbumishra
Emeterio,Aichata,09moncy
Emi,Aichatou,0a1b2c3dyyhhhy4cyrvy
Emidio,Aichetou,1008rajan
Emigdia,Aicong,100ajmat
Emigdio,Aid,100danmaster
Emiko,Aida,100livemail
Emil,Aidan,100nupeppermint
Emila,Aidas,100rb100
Emilce,Aide,1029shubham
Emile,Aidee,1071oc
Emilee,Aiden,107manan
Emilene,Aidi,10rohitrathore
Emili,Aie,10samir
Emilia,Aiert,10sarath17
Emilian,Aifang,10taknewsnational
Emiliana,Aifen,110043gupta
Emiliano,Aifeng,11051995akhtar
Emilie,Aiguang,111krishnaanu
Emilienne,Aiguo,1153Rohit
Emilija,Aihnoa,11khushigarg11
Emilio,Aihong,11vijay1970
Emiliya,Aihua,121329R
Emiliyan,Aijiao,121pragyasingh
Emilly,Aiju,121ravijaat
Emilo,Aijuan,121shivmishra
Emilse,Aijun,121y121abc
Emilsen,Aikaterini,12234fgcxdggcccccc
Emily,Aiko,1223dinesh
Emin,Aila,123451234512345A
Emina,Ailan,1234567890123456789s
Emine,Aileen,123456789shiv
Emir,Ailen,12345678gudu
Emma,Ailene,1234567KALYAN
Emmaline,Aili,1234567Pranjal
Emmanouil,Ailian,123456shubh
Emmanuel,Ailin,12345dhairya
Emmanuela,Ailing,12345imran12345
Emmanuelle,Ailton,12345NJ
Emmett,Ailyn,12345thomas
Emmie,Aima,1234av
Emmitt,Aimad,1234narayanpatil
Emmy,Aiman,1234pari
Emogene,Aimane,1234pratham
Emoke,Aimar,1234sonuram
Emory,Aimara,12355a
Empar,Aime,123aad
Emperatriz,Aimee,123abhishek7
Emran,Aimei,123ajaz456
Emre,Aimen,123akj
Emy,Aimin,123Atul123
En,Aina,123atulpandey123
Ena,Ainara,123bhavesh
Enache,Aine,123bittu563858
Enai,Aines,123dille
Enar,Aingeru,123jyothishjyothu80
Enara,Ainhara,123kabir
Enaut,Ainhitze,123kuldeepsen
Encarna,Ainhize,123laxmikhadka
Encarnacio,Ainhoa,123manojthakur
Encarnacion,Ainitze,123mdgulamhussain788
Encarni,Ainize,123mkiran
Encarnita,Ainna,123mlp
Encho,Ainnoa,123nandhura
Encina,Ainoa,123ravikumar123
Encinar,Ainoha,123sachin16
Enda,Aintxane,123sahdev124
Endika,Aintza,123sandeep456vd
Endre,Aintzane,123sarkar
Endurance,Aintzira,123siddhu4567
Ene,Aiora,123sikandar
Enea,Aiping,123Tamanna123
Eneas,Aiqin,125v
Enebie,Aira,12bnsport
Enedina,Airam,12ce008
Enedino,Airan,12oshan15
Eneida,Airas,1321ajay
Eneka,Aires,13arorasimran
Eneko,Airi,13chaits
Enekoitz,Airidas,13jaan
Enelia,Airin,13janakiraman
Enelida,Airis,13Lucky
Enemesia,Airon,14071998kapilsingh
Enemesio,Airong,141422avinash
Eneritz,Airton,1432ajaychouhan
Eneriz,Airy,1433shilpa
Enetz,Aisa,143Bewfa143
Engelbert,Aisam,143skmskm
Engracia,Aisatou,143sunilraj
Engracio,Aisatu,14guptadivyansh
Enguia,Aisetu,14WINNER
Eni,Aisha,14yasho
Enia,Aisling,1525raje
Enid,Aissa,15maygarsa
Eniko,Aissam,15shaniaharbaut
Enilda,Aissata,15shivkumar
Enio,Aissatou,16551a0540
Enith,Aissatu,1693parthi
Enma,Aiste,1704saurabh
Enmanuel,Aitami,1706mal
Enmanuela,Aitana,17101993rahul
Enna,Aitane,1780rishi
Ennaji,Aithamy,1793pratapsingh
Ennio,Aithana,17chiragbhatia94
Enoc,Aithor,17dwipjyotikakati
Enoch,Aitiana,17raghav777
Enoelia,Aitor,17sahil
Enol,Aitxiber,1806amit
Enola,Aitz,186AnwarAnsari
Enora,Aitziber,189kingrahul
Enos,Aitzol,18above
Enric,Aitzpea,18nc17devesh
Enrica,Aiub,18rampm
Enrico,Aiur,18sujitjha
Enrike,Aivaras,18vivekshukla
Enrique,Aiwei,1966deepak
Enriqueta,Aixa,1970pandeypradeep
Enrrique,Aixiang,1974kamleshb
Enver,Aixiong,1981sonirohit
Enya,Aiyan,1986bablusingh
Enza,Aiyana,1987SHILPAKS
Enzo,Aiying,1987sk12
Epifania,Aiyong,1989alok
Epifanio,Aiyu,1989kumarmk
Epigmenio,Aiyue,1992danish12
Era,Aiyun,1993abiram
Eradio,Aiza,1994krushna
Eraldo,Aizane,1994rk
Eralia,Aizea,1995shabnamk
Erasma,Aizeti,1995sunil
Erasmo,Aizhen,1995vikram
Eray,Aizhu,1996hanumankumar
Ercan,Aizpea,1996raunak
Ercilia,Aja,1997oct30
Erea,Ajay,1997sahindyadav
Erena,Ajaz,1999rajkumar978
Erenia,Ajit,1999ranjitibehera
Eresvita,Ajmal,1arunkataria
Erhan,Akaki,1birpintu
Erhard,Akane,1naisuruwat
Erhimo,Akash,1pnm
Erian,Akbar,1RS3
Eriberto,Akemi,1sb
Eric,Aketx,1venkat
Erica,Aketza,1xmanishkumartiwari
Erich,Akhtar,20033nithicp
Erick,Akier,2006bikash
Ericka,Akiko,200rakeshlhr
Erico,Akil,2016ashishyadav1998
Ericson,Akila,2016forprem
Eridania,Akilah,2019samarpan
Erik,Akim,20jitupatel
Erika,Akira,20kanikajain
Erikas,Akli,20MARS20
Eriko,Akmal,20sahilsharma
Erina,Akram,210160arun
Erinn,Aksana,2105purnima
Eritz,Aksel,21112000punit
Eriz,Aksiniya,2112mukesh
Erkan,Akvile,21himanshurai
Erkuden,Akwasi,21kuldeepsihag
Erlaitz,Al,21novembe24
Erlan,Ala,222samjith
Erlantz,Alaa,22abhis
Erlene,Alaaeddine,22anu
Erlinda,Aladina,22deepakalm
Erline,Aladino,22dhaneshdrana
Erling,Aladji,22mayankbisht
Erma,Alae,22rishi
Ermanno,Alaeddine,22saleemshaikh
Ermelina,Alagie,22sm07
Ermelinda,Alai,2307ram
Ermengol,Alaia,23456789j
Ermerinda,Alaide,234avi
Ermes,Alain,2455kumaranil
Ermesinda,Alaina,248kushhhh
Ermila,Alaine,24Lavanya2018
Ermina,Alaitz,24ndr97
Erminda,Alaksmi,2504Nikunjagarwal
Erminia,Alam,25800krishna
Erminio,Alamgir,25Harshad
Ermita,Alami,26ishasharma
Ermitas,Alan,26mitesh2000
Erna,Alana,26roygkv
Ernest,Alane,2702ashu
Ernesta,Alanis,27alPHa
Ernestas,Alanna,27offsuit
Ernestina,Alano,27suraj2822
Ernestine,Alarico,2805ankitasurve
Ernestino,Alasana,2812rahulsingh
Ernesto,Alasne,28yashagarwal
Ernie,Alassana,29163thakur
Erno,Alassane,2adammomin
Ernst,Alastair,2ajaykumar999
Ero,Alatz,2bharatgarg
Erol,Alayn,2gud4chix
Erola,Alayna,2vijaysallakonda002
Erondina,Alazne,301027pawan
Eros,Alba,30maarkhan
Erotida,Alban,3112vipul
Erradi,Albana,314R8
Erramun,Albania,319ravindra319
Errol,Albano,31rinku
Ersilia,Albar,321Riya
Ersin,Albarina,33044lyf
Erudina,Albaro,333nitin333
Erundina,Albas,333sathishkumar
Erundino,Albeiro,334455S
Ervigio,Albena,3357aj
Ervin,Alber,33asonyaps
Erwan,Alberico,34ajju
Erwin,Albert,365design
Eryk,Alberta,3dsandeep
Eryka,Albertas,3gnetworld
Eryn,Alberte,420HAKKU
Erzsebet,Albertha,4222aman
Es,Albertina,428francis
Esau,Albertine,4312optgkr
Esaul,Albertino,44448888go
Escarlata,Alberto,444blinkzankz
Escelita,Albertus,44shyampur
Esclavitud,Albi,45103yash
Escolastica,Albin,456studioschennai
Escolastico,Albina,4795seema
Esdras,Albino,484812rkverma
Esha,Albita,4861alkshah
Eskarne,Albito,4amshivam
Esma,Alborada,4coolsid
Esmael,Albrecht,4sreejith
Esmail,Alby,4syed4
Esmelda,Alcantara,4umanu01
Esmeralda,Alcazar,5122001kkm
Esmeraldo,Alcibiades,513512vishal
Esmerinda,Alcides,5179230didu
Esneda,Alcina,52kuledinesh
Esneider,Alcino,53shivakesh
Esohe,Alcione,54321z
Esosa,Alcira,551lk
España,Alcor,555filk
Espartaco,Alcora,555k457ur
Espectacion,Alda,555kar
Espen,Aldair,55anandkumar
Esperança,Aldan,56890ri9952580069123
Esperanto,Aldana,56udaybhawsar4590
Esperanza,Aldara,5764harsh
Espino,Aldegunda,5987graphics
Espiridion,Aldemar,599sagar
Espiritu,Alden,5ingh5oorma
Espiritusanto,Aldin,5myluck31
Essa,Aldina,5Z6N6N
Essaadia,Aldo,605arunsharma
Essaddik,Aldona,6202281997rahul
Essadia,Aldonza,6207917114sk
Essadik,Aldric,6394370799raju
Essaid,Aldrin,6690ahmed
Essie,Alea,6695sahilss
Esta,Alease,6955542okaxis
Estafania,Alec,69dhan
Estanis,Alecia,69playerlegendary
Estanisla,Alecsandru,6balaji004
Estanislaa,Alecu,6PackPANDA
Estanislada,Aleen,7007693147s
Estanislao,Aleena,7012087399vinodh
Estanislau,Alegra,7013550312sss
Esteban,Alegria,7013735558a
Estebana,Aleh,7035191701r
Estebania,Aleida,7037anshik
Estebe,Aleidis,7047743683jakirsarda
Estefan,Aleisha,7051920813vs
Estefana,Aleix,7065taniroy
Estefani,Aleixandra,7066933765pg
Estefania,Aleixandre,707022nitish
Estefanny,Aleixo,72006464sathish
Estefano,Aleja,7240bannaji
Estefany,Alejandra,7250696915vishnumaha
Estel,Alejandrina,72509845581994om
Estela,Alejandrino,7259299amburlingappa
Estelia,Alejandro,7269bhairav
Estelita,Alejo,7275vicky
Estell,Alejos,7283Naresh2611
Estella,Alek,7290903122harsh
Estelle,Aleko,7352927528da
Estelvina,Aleks,7373736543rr
Estephania,Aleksandar,7389630p
Estephany,Aleksander,7400334642a
Ester,Aleksandr,740sohan
Estera,Aleksandra,7481892165sonukumar
Estervina,Aleksandras,74hnsingh
Estevan,Aleksandre,74khanvivomobile
Esteve,Aleksandrina,750890lucky
Esteven,Aleksandrov,7509419977kanchan121
Esthefania,Aleksandrs,7568004300ram
Esthefany,Aleksei,7612prakash
Esthela,Aleksej,767rajarya
Esther,Aleksejs,773afaridul
Estibalitz,Aleksey,7773shekhawat
Estibaliz,Aleksi,7777yogeshrao
Estiben,Alen,777long
Estilita,Alena,7782ManishKumar
Estitxu,Alene,7798yashjoshi
Estivaliz,Alenjandro,7814673952ankitkumar
Estiven,Alenka,7852prakash
Estrela,Ales,786laxmisharma
Estrella,Alesander,786mushirakbar
Estrellita,Alesandra,786vipendrasingh
Estuardo,Alesandro,7896490929ritu
Estudita,Alesha,78jituprajapati
Eszter,Aleshia,7902samikhan
Etel,Alesia,791982ksreddy
Etelfrido,Alessandra,7974882094sonu
Etelvina,Alessandro,7995437455e
Etelvino,Alessia,79vijayindira
Eteri,Alessio,7adarshgupta
Eterio,Alesya,7deuce
Etha,Aleta,7king8irfan6khan
Ethan,Aleth,7puteavinash214
Ethel,Aletha,7rahulrastogi3
Ethelbaldo,Alethea,8005448448s
Ethelene,Alethia,8054193265samrat
Ethelyn,Aleu,8055dada1234567890
Ethyl,Alevtina,807769m
Etienne,Alex,8130162300dogra
Etna,Alexa,8168227258dd
Etor,Alexand,8235217475mk
Etsuko,Alexandar,8249367740chandubabu
Etta,Alexande,8271137211r
Ettie,Alexander,82828248s
Ettore,Alexandr,8287302428mk
Etxahun,Alexandra,8296220608y
Eucaris,Alexandre,82kamath
Euclides,Alexandria,8306554008mh
Eudald,Alexandrina,8306796467ajay
Eudaldo,Alexandro,8329825515Shri
Eudardo,Alexandros,83599091b
Eudelia,Alexandru,8373931195ss
Eudes,Alexe,83abhirevandkar
Eudochia,Alexei,8447628976sss
Eudocia,Alexey,84arun
Eudosia,Alexi,85077govindkrmalhotr
Eudosio,Alexia,8553458307r
Eudoxia,Alexis,8618960414rahul
Eudoxio,Alexsander,8619deenu
Eufemia,Alexsandra,8700268707mukeshkuma
Eufemiano,Alexsandro,8709455672fgggghhhhh
Eufemio,Alexy,8750239512s
Eufracia,Aleyda,8757072183khan
Eufrasia,Alf,8787imrankhan
Eufrasio,Alfaro,8790919553dsm
Eufronia,Alfia,8850343885brijesh
Eufronio,Alfie,8866o64307
Eufrosina,Alfio,888shubham
Eugen,Alfiya,88dasgobinda
Eugena,Alfons,88lokesh88
Eugene,Alfonsa,8930221sa
Eugeni,Alfonsina,8932068449V
Eugenie,Alfonzo,8942807917dinesh
Eugenijus,Alfred,8951587802s
Eugenio,Alfreda,89ankur89
Eugeniu,Alfredia,89srajavel
Eugeniusz,Alfredo,89viveksingh
Eugeniy,Alfusainey,8rmanikandanms
Eugeniya,Algimantas,8t81091303
Eugeny,Algirdas,8total
Euken,Algis,8yogi
Eukene,Alguer,90090775bh
Eukeni,Alhagi,9063687484k
Eula,Alhagie,906invest
Eulah,Alhaji,9075565132kailas
Eulalia,Alharilla,90clbaba
Eulalio,Alhassan,90jatingupta
Eulises,Alhassane,90umair45sherwani
Eulogi,Ali,9101992963rashidul
Eulogia,Alia,911shivrajparmar
Eulogio,Aliaksandr,9136891892k
Eumelia,Aliaksandra,9165r
Eumenio,Aliaksei,9204a4545
Eun,Alian,9211na
Euna,Aliana,9214siddharth2019
Eunate,Alianza,92657mahesh
Eunice,Alica,92mishra
Euquerio,Alice,92nazmul786
Eura,Alicia,92puri
Eurico,Alicio,9366798501a
Euridice,Alicja,93988arun
Eusebi,Alida,93bhavik
Eusebia,Alie,93RAGHAVKUMARJHA
Eusebio,Alien,93sourabh24
Eusebiu,Aliena,93swapandas
Eusiquio,Alieu,944sunil
Eustaquia,Alik,9452771451vivek
Eustaquio,Alim,9459939816N
Eustasia,Alima,94prashantpandey
Eustasio,Alimatou,9502796618v
Eusterio,Alimou,9515484053nj
Eustolia,Alin,9519268012rohitkumar
Eustoquia,Alina,9538999400long
Eustoquio,Alinda,953umang
Eustorgio,Aline,9552825230y
Eutilia,Aliona,95666984vj
Eutilio,Aliou,9576103197sanjana
Eutimia,Alioune,957999939p
Eutimio,Alipio,9585778018karthi
Eutiquia,Alireza,95brijesh49
Eutiquiano,Alirio,95gghosh
Eutiquio,Alis,95goutamdas95
Eutropia,Alisa,95kumarvishal1995
Eutropio,Alise,95omkumar96
Eva,Alisea,9623nilesh5281
Evaldas,Aliseda,9630618203raj
Evalyn,Alisha,9634119923vy
Evan,Alishba,9668523492sp
Evandro,Alishia,9668711430mishra
Evangelia,Alisia,9688921079mk
Evangelica,Alison,9719010203manoj
Evangelina,Alissa,9719himanshusharma
Evangeline,Alisson,9727862697j
Evangelino,Alistair,9754mukeshchoudhary
Evangelista,Alister,9768681355sv
Evangelos,Alita,9785204772m
Evans,Aliu,9799sunil
Evarist,Aliuska,9853203020B
Evarista,Alix,98586485d
Evaristo,Aliya,9888pankaj
Evdochia,Aliza,9896gurjent
Evdokia,Alize,98hansraj
Eve,Alizee,991065guptapradeep12
Evedasto,Alizia,991308266vipulviupul
Eveli,Alla,9924366360vishal
Evelia,Allah,9935296638s
Evelin,Allal,9935dharmen
Evelina,Allan,9948454670farooq5181
Eveline,Alle,9953949261monikashar
Evelio,Alleen,9954mojar
Evelyn,Allegra,9959786007Giri
Evelyne,Allen,9983845191anil
Evelynn,Allena,9984575067sss
Evencia,Allende,9991rahul
Evencio,Allene,9991rahuld
Ever,Allie,9996169883sahilmalho
Everaldo,Alline,999677o867
Everardo,Allison,99psahu
Everett,Allyn,99rajguru
Everette,Allyson,99sadhanbiswas
Everilda,Alma,9deva7999
Evert,Almamy,9one9sme
Everth,Almeda,9raj9999raj
Everton,Almerina,9susmita
Evette,Almerinda,a01ariff
Evgeni,Almeta,a1281987
one,ek,one1
Two ,Do,Two2
three,teen,Teen3
Four,chaar,Four4
Five,panch,Five5
six,che,Six6
seveb,Saat,Seven7
eight,aath,Eight8